[{"message_id": "aaa21a0e-323e-4555-9fbd-aec1d0702a38", "conversation_id": "67310ec3-d1dc-800f-86b0-06da673074cc", "original_message_id": "c2d04f34-a915-4065-ab43-0184924a75b7", "new_message_id": "964d3494-f092-48c7-88c0-6d72cf206c96", "rating": "original", "placement": "left", "ui_variant": 1, "evaluation_name": "gpt4om_lupo_prompts_free", "evaluation_treatment": "aa", "evaluation_type": null, "message_metadatas": {"c2d04f34-a915-4065-ab43-0184924a75b7": {"load_first_token_time": 1731333976120, "load_end_time": 1731334002500}, "964d3494-f092-48c7-88c0-6d72cf206c96": {"load_first_token_time": 1731333976120, "load_end_time": 1731334002500}}, "received_timestamp": 1731334043, "source_timestamp": 1731334040468, "user_agent": "Mozilla/5.0 (Windows NT 10.0; Win64; x64) AppleWebKit/537.36 (KHTML, like Gecko) Chrome/130.0.0.0 Safari/537.36", "client_type": "desktop_web", "user_id": "user-9Ds3ZTsIky1EKD0KGymCnk4J", "product_surface": 1, "create_time": "2024-11-11T14:07:23.612132Z", "update_time": "2024-12-12T02:52:02.674887Z"}, {"message_id": "aaa2c3ac-7d28-49ea-a92d-b12d0d9af409", "conversation_id": "673b57ed-0cc0-800f-a6b7-07797da4aed8", "original_message_id": "6171ba27-b0df-4558-ada0-e6f601cd973c", "new_message_id": "c35af7ee-bf1e-488f-8974-a26ee3a12447", "rating": "skip", "placement": "right", "ui_variant": 1, "evaluation_name": "chive_ins_follow_scrub_markdown", "evaluation_treatment": "aa", "evaluation_type": null, "message_metadatas": {"6171ba27-b0df-4558-ada0-e6f601cd973c": {"load_first_token_time": 1732462281022, "load_end_time": 1732462290493}, "c35af7ee-bf1e-488f-8974-a26ee3a12447": {"load_first_token_time": 1732462281022, "load_end_time": 1732462290493}}, "received_timestamp": 1732462480, "source_timestamp": 1732462478603, "user_agent": "Mozilla/5.0 (Windows NT 10.0; Win64; x64) AppleWebKit/537.36 (KHTML, like Gecko) Chrome/131.0.0.0 Safari/537.36", "client_type": "desktop_web", "user_id": "user-9Ds3ZTsIky1EKD0KGymCnk4J", "product_surface": 1, "create_time": "2024-11-24T15:34:40.880221Z", "update_time": "2024-12-12T03:02:47.230252Z"}, {"message_id": "aaa21886-aaf1-4b17-aa58-8aeaed55e2c3", "conversation_id": "673b3137-bc34-800f-9cf9-5aaf63947755", "original_message_id": "956f7284-d139-4f94-a898-47d41a1b9823", "new_message_id": "f24e8941-5400-4b3e-a92d-a172d94f3946", "rating": "skip", "placement": "right", "ui_variant": 1, "evaluation_name": "gpt4om_lupo_prompts_free", "evaluation_treatment": "aa", "evaluation_type": null, "message_metadatas": {"956f7284-d139-4f94-a898-47d41a1b9823": {"load_first_token_time": 1732733454099, "load_end_time": 1732733480318}, "f24e8941-5400-4b3e-a92d-a172d94f3946": {"load_first_token_time": 1732733454099, "load_end_time": 1732733480318}}, "received_timestamp": 1732733794, "source_timestamp": 1732733790172, "user_agent": "Mozilla/5.0 (Windows NT 10.0; Win64; x64) AppleWebKit/537.36 (KHTML, like Gecko) Chrome/131.0.0.0 Safari/537.36", "client_type": "desktop_web", "user_id": "user-9Ds3ZTsIky1EKD0KGymCnk4J", "product_surface": 1, "create_time": "2024-11-27T18:56:34.377925Z", "update_time": "2024-12-12T03:05:09.764527Z"}, {"message_id": "aaa245bb-8896-429d-8b8e-aa9f386563ad", "conversation_id": "673b3137-bc34-800f-9cf9-5aaf63947755", "original_message_id": "a8fc8a8e-69da-442a-87c3-291642833fe3", "new_message_id": "350ad143-1a80-4c2e-8508-714c3a1f8c5d", "rating": "skip", "placement": "right", "ui_variant": 1, "evaluation_name": "BROWSE_BING_VS_CHIVE_SONIC_SERPAPI_16K_FOR_SCALLION_UNPAID", "evaluation_treatment": "aa", "evaluation_type": null, "message_metadatas": {"a8fc8a8e-69da-442a-87c3-291642833fe3": {"load_first_token_time": 1732773630920, "load_end_time": 0}, "350ad143-1a80-4c2e-8508-714c3a1f8c5d": {"load_first_token_time": 1732773630920, "load_end_time": 0}}, "received_timestamp": 1732773804, "source_timestamp": 1732773797291, "user_agent": "Mozilla/5.0 (Windows NT 10.0; Win64; x64) AppleWebKit/537.36 (KHTML, like Gecko) Chrome/131.0.0.0 Safari/537.36", "client_type": "desktop_web", "user_id": "user-9Ds3ZTsIky1EKD0KGymCnk4J", "product_surface": 1, "create_time": "2024-11-28T06:03:24.122437Z", "update_time": "2024-12-12T03:05:23.811718Z"}, {"message_id": "aaa2ec23-3f39-447b-8756-ad1e5d51e2af", "conversation_id": "673b3137-bc34-800f-9cf9-5aaf63947755", "original_message_id": "eea006f6-f584-4ab7-98e7-0d6d64a99bdf", "new_message_id": "6a9e7e30-0f69-479c-9d24-d77229801e2f", "rating": "skip", "placement": "right", "ui_variant": 1, "evaluation_name": "gpt4om_lupo_prompts_free", "evaluation_treatment": "aa", "evaluation_type": null, "message_metadatas": {"eea006f6-f584-4ab7-98e7-0d6d64a99bdf": {"load_first_token_time": 1733084935450, "load_end_time": 0}, "6a9e7e30-0f69-479c-9d24-d77229801e2f": {"load_first_token_time": 1733084935450, "load_end_time": 0}}, "received_timestamp": 1733085032, "source_timestamp": 1733085020217, "user_agent": "Mozilla/5.0 (Windows NT 10.0; Win64; x64) AppleWebKit/537.36 (KHTML, like Gecko) Chrome/131.0.0.0 Safari/537.36", "client_type": "desktop_web", "user_id": "user-9Ds3ZTsIky1EKD0KGymCnk4J", "product_surface": 1, "create_time": "2024-12-01T20:30:32.720074Z", "update_time": "2024-12-12T03:07:33.092059Z"}, {"message_id": "aaa2bf5f-ead6-474b-b3fc-26a14e306182", "conversation_id": "673b3137-bc34-800f-9cf9-5aaf63947755", "original_message_id": "dac84352-2b7e-48d5-aa41-aa709db0f98b", "new_message_id": "fd2dedae-994c-4bc2-9541-a65ed08a44b2", "rating": "skip", "placement": "right", "ui_variant": 1, "evaluation_name": "4o_vs_4o_mini_free", "evaluation_treatment": "aa", "evaluation_type": null, "message_metadatas": {"dac84352-2b7e-48d5-aa41-aa709db0f98b": {"load_first_token_time": 1733158803817, "load_end_time": 0}, "fd2dedae-994c-4bc2-9541-a65ed08a44b2": {"load_first_token_time": 1733158803817, "load_end_time": 0}}, "received_timestamp": 1733158834, "source_timestamp": 1733158810277, "user_agent": "Mozilla/5.0 (Windows NT 10.0; Win64; x64) AppleWebKit/537.36 (KHTML, like Gecko) Chrome/131.0.0.0 Safari/537.36", "client_type": "desktop_web", "user_id": "user-9Ds3ZTsIky1EKD0KGymCnk4J", "product_surface": 1, "create_time": "2024-12-02T17:00:34.432418Z", "update_time": "2024-12-12T03:08:17.606377Z"}, {"message_id": "aaa256d1-9909-4dfa-abed-9830600ed9e5", "conversation_id": "674ddde1-6448-800f-9a9a-af99edb4760f", "original_message_id": "4ffcceba-95f4-45b2-bba3-9d68bbb684c5", "new_message_id": "7246d635-d6ef-4c09-b8af-e12fbd958370", "rating": "skip", "placement": "right", "ui_variant": 1, "evaluation_name": "dalle_disable_aesthetics_1120_4o_mini_unpaid", "evaluation_treatment": "aa", "evaluation_type": null, "message_metadatas": {"4ffcceba-95f4-45b2-bba3-9d68bbb684c5": {"load_first_token_time": 1733176635254, "load_end_time": 1733176663100}, "7246d635-d6ef-4c09-b8af-e12fbd958370": {"load_first_token_time": 1733176635254, "load_end_time": 1733176663100}}, "received_timestamp": 1733176841, "source_timestamp": 1733176837603, "user_agent": "Mozilla/5.0 (Windows NT 10.0; Win64; x64) AppleWebKit/537.36 (KHTML, like Gecko) Chrome/131.0.0.0 Safari/537.36", "client_type": "desktop_web", "user_id": "user-9Ds3ZTsIky1EKD0KGymCnk4J", "product_surface": 1, "create_time": "2024-12-02T22:00:41.893482Z", "update_time": "2024-12-12T03:08:32.986839Z"}, {"message_id": "aaa20def-6215-441f-86a9-8751734e8c57", "conversation_id": "67572153-58cc-800f-a7f0-e323c2a9a6c2", "original_message_id": "4448cd59-04f0-4f0c-9da3-a1fb54477726", "new_message_id": "5cf1f3ca-b1a2-495f-91cc-3864be16e38a", "rating": "skip", "placement": "right", "ui_variant": 2, "evaluation_name": "gpt4o_lupo_prompts_free", "evaluation_treatment": "aa", "evaluation_type": null, "message_metadatas": {"4448cd59-04f0-4f0c-9da3-a1fb54477726": {"load_first_token_time": 1733855332234, "load_end_time": 1733855376401}, "5cf1f3ca-b1a2-495f-91cc-3864be16e38a": {"load_first_token_time": 1733855332234, "load_end_time": 1733855376401}}, "received_timestamp": 1733855683, "source_timestamp": 1733855682516, "user_agent": null, "client_type": null, "user_id": "user-9Ds3ZTsIky1EKD0KGymCnk4J", "product_surface": 1, "create_time": "2024-12-10T18:34:43.949129Z", "update_time": "2024-12-10T18:34:44.032167Z"}, {"message_id": "aaa2dc67-5d33-4d63-98b2-835852923505", "conversation_id": "675fb764-ca90-800f-89d1-4e6ca3b92839", "original_message_id": "22722a69-6f9b-4592-87a8-1eae35f16539", "new_message_id": "bf456cd8-0355-4892-b417-23fb71b98cb1", "rating": "skip", "placement": "left", "ui_variant": 2, "evaluation_name": "gpt4o_lupo_prompts_free", "evaluation_treatment": "aa", "evaluation_type": null, "message_metadatas": {"22722a69-6f9b-4592-87a8-1eae35f16539": {"load_first_token_time": 1734327126667, "load_end_time": 0}, "bf456cd8-0355-4892-b417-23fb71b98cb1": {"load_first_token_time": 1734327126667, "load_end_time": 0}}, "received_timestamp": 1734327157, "source_timestamp": 1734327155536, "user_agent": "Mozilla/5.0 (Windows NT 10.0; Win64; x64) AppleWebKit/537.36 (KHTML, like Gecko) Chrome/131.0.0.0 Safari/537.36", "client_type": "desktop_web", "user_id": "user-9Ds3ZTsIky1EKD0KGymCnk4J", "product_surface": 1, "create_time": "2024-12-16T05:32:37.342278Z", "update_time": "2024-12-16T05:32:37.385927Z"}, {"message_id": "aaa278be-17a2-407a-874a-b547755a3e1d", "conversation_id": "6777882e-ea88-800f-a815-f8a38d7a4921", "original_message_id": "57ff28a6-3a69-47c7-8be8-9369b185e8c2", "new_message_id": "5d02db13-4508-4219-a617-989844438a19", "rating": "skip", "placement": "left", "ui_variant": 2, "evaluation_name": "4o_vs_4o_mini_free", "evaluation_treatment": "aa", "evaluation_type": null, "message_metadatas": {"57ff28a6-3a69-47c7-8be8-9369b185e8c2": {"load_first_token_time": 1735891253624, "load_end_time": 1735891271952}, "5d02db13-4508-4219-a617-989844438a19": {"load_first_token_time": 1735891253624, "load_end_time": 1735891271952}}, "received_timestamp": 1735891870, "source_timestamp": 1735891869804, "user_agent": null, "client_type": null, "user_id": "user-9Ds3ZTsIky1EKD0KGymCnk4J", "product_surface": 1, "create_time": "2025-01-03T08:11:10.661339Z", "update_time": "2025-01-03T08:11:10.721645Z"}, {"message_id": "aaa2e51f-cae0-4eab-aa9f-440fc92a2bae", "conversation_id": "6777882e-ea88-800f-a815-f8a38d7a4921", "original_message_id": "dc58af5e-ab64-4eb9-b7c7-0979ae59ab49", "new_message_id": "ce192a48-5aab-4fd4-ac83-530ec6208454", "rating": "skip", "placement": "left", "ui_variant": 2, "evaluation_name": "gpt4om_lupo_prompts_free", "evaluation_treatment": "aa", "evaluation_type": null, "message_metadatas": {"dc58af5e-ab64-4eb9-b7c7-0979ae59ab49": {"load_first_token_time": 1735972229696, "load_end_time": 1735972232042}, "ce192a48-5aab-4fd4-ac83-530ec6208454": {"load_first_token_time": 1735972229696, "load_end_time": 1735972232042}}, "received_timestamp": 1735972373, "source_timestamp": 1735972373216, "user_agent": null, "client_type": null, "user_id": "user-9Ds3ZTsIky1EKD0KGymCnk4J", "product_surface": 1, "create_time": "2025-01-04T06:32:53.705946Z", "update_time": "2025-01-04T06:32:53.827732Z"}, {"message_id": "aaa28f57-f134-4da7-b6a6-394649019eb6", "conversation_id": "677bf893-3ac8-800f-8a2c-949753942143", "original_message_id": "de2487b3-04f2-44e1-9326-8c2e5c8dbb90", "new_message_id": "3ec1ea2f-194b-4e1a-a569-715c224ecb18", "rating": "skip", "placement": "left", "ui_variant": 2, "evaluation_name": "gpt4o_iid_free", "evaluation_treatment": "aa", "evaluation_type": null, "message_metadatas": {"de2487b3-04f2-44e1-9326-8c2e5c8dbb90": {"load_first_token_time": 1736179273992, "load_end_time": 1736179306570}, "3ec1ea2f-194b-4e1a-a569-715c224ecb18": {"load_first_token_time": 1736179273992, "load_end_time": 1736179306570}}, "received_timestamp": 1736179358, "source_timestamp": 1736179356500, "user_agent": null, "client_type": null, "user_id": "user-9Ds3ZTsIky1EKD0KGymCnk4J", "product_surface": 1, "create_time": "2025-01-06T16:02:38.674203Z", "update_time": "2025-01-06T16:02:38.730847Z"}, {"message_id": "aaa24351-c665-44f8-9ee7-34e0d2617418", "conversation_id": "677c06d1-2604-800f-81f2-41cce152e333", "original_message_id": "aa5ed94b-5d93-4ec4-ab01-e606b40324d5", "new_message_id": "238112b8-3f4e-421c-8da2-5071cda2f5c1", "rating": "skip", "placement": "left", "ui_variant": 2, "evaluation_name": "gpt4o_lupo_prompts_free", "evaluation_treatment": "aa", "evaluation_type": null, "message_metadatas": {"aa5ed94b-5d93-4ec4-ab01-e606b40324d5": {"load_first_token_time": 1736242315985, "load_end_time": 1736242373387}, "238112b8-3f4e-421c-8da2-5071cda2f5c1": {"load_first_token_time": 1736242315985, "load_end_time": 1736242373388}}, "received_timestamp": 1736242700, "source_timestamp": 1736242699749, "user_agent": null, "client_type": null, "user_id": "user-9Ds3ZTsIky1EKD0KGymCnk4J", "product_surface": 1, "create_time": "2025-01-07T09:38:20.809610Z", "update_time": "2025-01-07T09:38:21.365524Z"}, {"message_id": "aaa20008-76a4-44e8-bf8a-ccedddd42066", "conversation_id": "67873f88-b3dc-800f-887d-995b53174fad", "original_message_id": "dc89475e-27ec-43b5-817a-3bad013d41f4", "new_message_id": "c58b20af-448f-49d0-bff0-63d34f9700fb", "rating": "skip", "placement": "right", "ui_variant": 2, "evaluation_name": "gpt4o_iid_free", "evaluation_treatment": "aa", "evaluation_type": null, "message_metadatas": {"dc89475e-27ec-43b5-817a-3bad013d41f4": {"load_first_token_time": 1736917553841, "load_end_time": 1736917583192}, "c58b20af-448f-49d0-bff0-63d34f9700fb": {"load_first_token_time": 1736917553841, "load_end_time": 1736917583192}}, "received_timestamp": 1736917742, "source_timestamp": 1736917739359, "user_agent": null, "client_type": null, "user_id": "user-9Ds3ZTsIky1EKD0KGymCnk4J", "product_surface": 1, "create_time": "2025-01-15T05:09:02.767653Z", "update_time": "2025-01-15T05:09:02.845589Z"}, {"message_id": "aaa2080b-9966-4eb9-8045-3c2ee38108c5", "conversation_id": "67874f1d-fba8-800f-acc0-b4397017073d", "original_message_id": "ff644c79-6be9-44b2-b859-b3b65764f4b8", "new_message_id": "eba883a0-3168-4de3-8d09-4216466bc9c8", "rating": "skip", "placement": "right", "ui_variant": 2, "evaluation_name": "4o_vs_4o_mini_free", "evaluation_treatment": "aa", "evaluation_type": null, "message_metadatas": {"ff644c79-6be9-44b2-b859-b3b65764f4b8": {"load_first_token_time": 1737007056430, "load_end_time": 1737007076300}, "eba883a0-3168-4de3-8d09-4216466bc9c8": {"load_first_token_time": 1737007056430, "load_end_time": 1737007076300}}, "received_timestamp": 1737007457, "source_timestamp": 1737007457022, "user_agent": null, "client_type": null, "user_id": "user-9Ds3ZTsIky1EKD0KGymCnk4J", "product_surface": 1, "create_time": "2025-01-16T06:04:17.571920Z", "update_time": "2025-01-16T06:04:17.678987Z"}, {"message_id": "aaa2392b-48a2-4ff5-b0e1-6d250e95b162", "conversation_id": "678bf3da-5ae8-800f-9f25-30850a532f2b", "original_message_id": "8b0120b3-c6ca-4bfa-b03c-1c07124cb77a", "new_message_id": "876c7782-984d-4f50-9d02-d2f9df096b7e", "rating": "skip", "placement": "right", "ui_variant": 2, "evaluation_name": "gpt4o_iid_free", "evaluation_treatment": "aa", "evaluation_type": null, "message_metadatas": {"8b0120b3-c6ca-4bfa-b03c-1c07124cb77a": {"load_first_token_time": 1737226430807, "load_end_time": 1737226467805}, "876c7782-984d-4f50-9d02-d2f9df096b7e": {"load_first_token_time": 1737226430807, "load_end_time": 1737226467805}}, "received_timestamp": 1737226498, "source_timestamp": 1737226498982, "user_agent": null, "client_type": null, "user_id": "user-9Ds3ZTsIky1EKD0KGymCnk4J", "product_surface": 1, "create_time": "2025-01-18T18:54:58.703968Z", "update_time": "2025-01-18T18:54:58.765399Z"}, {"message_id": "bbb21bac-9c2a-45f6-a079-35944a2c0fc3", "conversation_id": "6791d35b-9350-800f-ae84-b51a73af4543", "original_message_id": "04c332a9-e373-4a50-82de-e08ea6dfca5f", "new_message_id": "c7ea3ed0-9150-4ee1-88ee-2b33fa2864a6", "rating": "original", "placement": "right", "ui_variant": 2, "evaluation_name": "gpt4o_lupo_prompts_free", "evaluation_treatment": "aa", "evaluation_type": null, "message_metadatas": {"04c332a9-e373-4a50-82de-e08ea6dfca5f": {"load_first_token_time": 1737611152385, "load_end_time": 1737611169599}, "c7ea3ed0-9150-4ee1-88ee-2b33fa2864a6": {"load_first_token_time": 1737611152385, "load_end_time": 1737611163427}}, "received_timestamp": 1737611573, "source_timestamp": 1737611572928, "user_agent": "ChatGPT/1.2025.007 (Android 14; SM-A546E; build 2500706)", "client_type": "android_app", "user_id": "user-9Ds3ZTsIky1EKD0KGymCnk4J", "product_surface": 1, "create_time": "2025-01-23T05:52:53.852449Z", "update_time": "2025-01-23T05:52:53.975310Z"}, {"message_id": "aaa2d5be-6e12-405d-af57-1b44a7c89c96", "conversation_id": "67971cab-335c-800f-a5a5-721ac19b90e4", "original_message_id": "fc14b71b-a2a5-47a0-92b1-c839bec70e9c", "new_message_id": "44f3eb3e-3fd7-4085-a2d9-f4137bab2267", "rating": "skip", "placement": "left", "ui_variant": 2, "evaluation_name": "4o_vs_4o_mini_free", "evaluation_treatment": "aa", "evaluation_type": null, "message_metadatas": {"fc14b71b-a2a5-47a0-92b1-c839bec70e9c": {"load_first_token_time": 1737956522067, "load_end_time": 1737956555578}, "44f3eb3e-3fd7-4085-a2d9-f4137bab2267": {"load_first_token_time": 1737956522067, "load_end_time": 1737956555578}}, "received_timestamp": 1737956891, "source_timestamp": 1737956889066, "user_agent": null, "client_type": null, "user_id": "user-9Ds3ZTsIky1EKD0KGymCnk4J", "product_surface": 1, "create_time": "2025-01-27T05:48:11.551476Z", "update_time": "2025-01-27T05:48:11.608639Z"}, {"message_id": "00ddadc4-b1a5-4baf-b1a1-3442ead99f62", "conversation_id": "67cab86b-3d34-800f-bea0-0270713440cc", "original_message_id": "dbb93c2e-5b85-40e2-a090-098b38951265", "new_message_id": "5a6b95cf-d861-4f13-84f8-d26e41ab0e5a", "rating": "skip", "placement": "left", "ui_variant": 2, "evaluation_name": "blackbird_random_vs_ee_bo3_free", "evaluation_treatment": "aa", "evaluation_type": null, "message_metadatas": {"dbb93c2e-5b85-40e2-a090-098b38951265": {"load_first_token_time": 1741338731287, "load_end_time": 1741338748953}, "5a6b95cf-d861-4f13-84f8-d26e41ab0e5a": {"load_first_token_time": 1741338731287, "load_end_time": 1741338747760}}, "received_timestamp": 1741338791, "source_timestamp": 1741338790127, "user_agent": null, "client_type": null, "user_id": "user-9Ds3ZTsIky1EKD0KGymCnk4J", "product_surface": 1, "create_time": "2025-03-07T09:13:11.389342Z", "update_time": "2025-03-07T09:13:11.504178Z"}]